{
  "Clem+trigger": 98.07309039751047,
  "CaptainSam+Viper": -24.470413034250296,
  "Cham+SpeCial": 46.677620706439136,
  "Larry+Night": 66.39821832921339,
  "Jumy+YoungYakov": 51.6422400975008,
  "HeRoMaRinE+Statis": 65.53080441788578,
  "MaxPax+Spirit": 167.33790176046193,
  "Brat_OK+MindelVK": -18.313883623490185,
  "GgMaChine+Shameless": 58.964065692738984,
  "goblin+uThermal": 17.11182967852635,
  "Lemon+deer": -38.12466142368981,
  "MilkiCow+Wayne": 73.40255955546337,
  "Gerald+Nicoract": 39.40749195980182,
  "Elazer+SKillous": 115.09038224227689,
  "Harstem+Lambo": 70.67892061830261,
  "Replicant+Tiger": -1.738989418839541,
  "Serral+ZhuGeLiang": 66.44312602000541,
  "FIGARO+RiSky": -69.83481364958533,
  "Lambo+ShoWTimE": -43.9344978412429,
  "DefMars+Gref": 1.13936841664923,
  "ShoWTimE+Spirit": 111.13200444105976,
  "DefMars+ZaRDieNT": 17.327491136614107,
  "Tikky+threepoint": -10.354852556258837,
  "Elazer+ShoWTimE": 57.16116352384461,
  "SickNess+ZaRDieNT": 0.5204837106104172,
  "Moja+OpTiMiStC": 33.57461301852585,
  "Kelazhur+Lambo": 37.46075171915729,
  "DIMAGA+Starfish": 26.30835437841329,
  "DnS+Kelazhur": 13.324894257756874,
  "Krystianer+arrogfire": 39.07114230587805,
  "NightPhoenix+Wayne": 53.30406754155496,
  "Elazer+goblin": 18.918590268671743,
  "Tiger+UltraMarine": -27.28717647790743,
  "Fjant+uThermal": -13.948683383540393,
  "Anticore+Azura": -95.03078886442131,
  "HeRoMaRinE+Moja": 35.34771782494991,
  "Calftowin+LookMaNoSens": -81.36295177836033,
  "Gerald+Krystianer": -32.343197922668296,
  "Jumy+ShoWTimE": -7.199041371379025,
  "Lambo+Spirit": 49.34488342031846,
  "Antarct+EruptioN": -43.605769352213414,
  "Jaeger+RACCOON": -22.588421805101188,
  "ART+Kinpach": 25.383396829270637,
  "Elazer+Lambo": -10.461739666832885,
  "Shameless+uThermal": -74.80283419959085,
  "ShoWTimE+trigger": 72.73326864880397,
  "Elazer+Serral": 23.63676088204562,
  "Spazymazy+Urono": 11.564130957679325,
  "MiniZergUA+SickNess": 23.413075763040077,
  "ByuN+Solar": 142.07490996857103,
  "Creed+YoungYakov": 36.48618961404357,
  "Ryung+SHIN": 72.19975772893491,
  "DefMars+MiniZergUA": 75.38606839411332,
  "Creed+MasterVasya": 44.963752320186444,
  "Percival+YoungYakov": 21.66675036487519
}