{
  "Clem": 128.0387940036348,
  "trigger": 122.38046972004705,
  "CaptainSam": -45.9270883586659,
  "Viper": -45.9270883586659,
  "Cham": 39.897932703444305,
  "SpeCial": 42.66030613417006,
  "Larry": 54.896441393886484,
  "Night": 54.896441393886484,
  "Jumy": 59.30382633320393,
  "YoungYakov": 49.20294221432904,
  "Has": -75.03434870939066,
  "Rex": -75.03434870939066,
  "Elazer": 76.63350209955316,
  "Gerald": 0.1707673849562914,
  "HeRoMaRinE": 72.183009870335,
  "Statis": 42.84451008401317,
  "MaxPax": 168.67360976003434,
  "Spirit": 159.51081828215877,
  "Brat_OK": -18.13004813920095,
  "MindelVK": -18.13004813920095,
  "Moja": 1.4175451484971795,
  "SKillous": 83.6112979503299,
  "GgMaChine": 62.28582477742019,
  "Shameless": 53.0747141256312,
  "goblin": 48.682949348771956,
  "uThermal": 49.65670055025216,
  "Lemon": -62.14010758549122,
  "deer": -61.347396929968006,
  "GuMiho": -62.479014168954606,
  "Ryung": -62.479014168954606,
  "MilkiCow": 38.66559815921881,
  "Wayne": 49.38683351713584,
  "Nicoract": 33.842915870152055,
  "Iba": -67.57543850302643,
  "boanaan": -67.57543850302643,
  "Harstem": 77.36289300592485,
  "Lambo": 28.42152963387195,
  "ART": -9.444131051877687,
  "UedSoldier": -61.417844398574694,
  "Replicant": -18.933220719080346,
  "Tiger": -18.196612413300876,
  "Serral": 73.01604980237462,
  "ZhuGeLiang": 35.46784879987021,
  "HeroMarine": -31.96900642116249,
  "Vanya": -69.46199072237239,
  "FIGARO": -110.36269520761358,
  "RiSky": -110.36269520761358,
  "ShoWTimE": 98.36652541703872,
  "DefMars": 42.76681329632559,
  "Gref": -29.73446489264192,
  "Blademaster": -20.95704900475651,
  "Hardwell": -65.29995979272857,
  "DarkSatas": -52.54642631284323,
  "HateCheese": -52.54642631284323,
  "ZaRDieNT": 21.52670203625286,
  "DIMAGA": 7.533272139399978,
  "starfish": -21.165898865652515,
  "Antarct": -67.63965643819202,
  "Melu": -56.94924347420381,
  "Tikky": -12.831044702576083,
  "threepoint": -12.831044702576083,
  "RyeRye": -16.503848331597165,
  "ShaDoWn": -34.49668718053793,
  "Arrogfire": -76.93959388828004,
  "Krystianer": -40.55979152718105,
  "SickNess": -22.089070457674957,
  "OpTiMiStC": 20.25773587335221,
  "Kelazhur": 9.745629113769933,
  "MaxGio": -31.09442761818073,
  "Ryoku": -31.09442761818073,
  "ErebusBlack": -118.1330214554117,
  "Goswser": -118.1330214554117,
  "Sivean": -75.24693251585366,
  "armonox": -75.24693251585366,
  "Starfish": 16.031259970393908,
  "FightingFrog": -63.234889409024795,
  "HolyHit": -63.234889409024795,
  "DnS": -0.8766646759700407,
  "Aelith": -98.44430811047366,
  "Elimisu": -98.44430811047366,
  "arrogfire": 28.686268704325872,
  "Dolan": -64.99550343693558,
  "NightPhoenix": 71.56768990194989,
  "Loviuf": -24.515401954606617,
  "Purce": -24.515401954606617,
  "HiGhDrA": -105.0858109399718,
  "Mixu": -105.0858109399718,
  "UltraMarine": -29.840077691658774,
  "Fjant": -22.83422666972563,
  "Anticore": -85.73549971129867,
  "Azura": -85.73549971129867,
  "EchoSoldier": -20.182280675387766,
  "Lena": -20.182280675387766,
  "Indy": -78.35694962456756,
  "LordGG": -29.678995933800387,
  "KingSlayeR": -22.096721573884263,
  "Calftowin": -64.75515090083672,
  "LookMaNoSens": -64.75515090083672,
  "GuGus": -24.301450631803387,
  "Urono": -37.9338533585335,
  "Darjeeling": -17.07277273609598,
  "Havertz": -17.07277273609598,
  "Aimliloke": -22.884114998454216,
  "Nokota": -22.884114998454216,
  "SirGheorghe": -26.125093889228747,
  "EruptioN": -44.897300709265444,
  "Jaeger": -29.754454156135537,
  "RACCOON": -29.754454156135537,
  "Ninja": -109.2600297213584,
  "Kinpach": 38.33156527205089,
  "Bombilla": -67.93860280301236,
  "Dmega": -67.93860280301236,
  "Rate": -66.93551923281757
}