{
  "Clem": 72.9816432818472,
  "trigger": 90.45210960611972,
  "CaptainSam": -32.335298382615036,
  "Viper": -32.335298382615036,
  "Cham": -18.550590667346547,
  "SpeCial": 35.11107242771584,
  "Larry": 46.79257253912685,
  "Night": 46.79257253912685,
  "Jumy": 45.006412705175265,
  "YoungYakov": 39.015614413355635,
  "Rex": -22.536201378626938,
  "Elazer": 119.86540646105476,
  "Gerald": -10.258937340342015,
  "HeRoMaRinE": 71.85022690122733,
  "Statis": 61.28230994711315,
  "MaxPax": 184.4034390517117,
  "Spirit": 174.54326465776205,
  "Brat_OK": 16.17172369751409,
  "MindelVK": 16.17172369751409,
  "Moja": -8.101350615909823,
  "SKillous": 100.03536284328732,
  "GgMaChine": 75.84173173020945,
  "Shameless": 77.67967959756461,
  "goblin": 49.78840916272564,
  "uThermal": 49.45981068546891,
  "Lemon": -29.545376972839946,
  "deer": -28.04086557578093,
  "Ryung": 1.173472897383764,
  "MilkiCow": 37.55691685714187,
  "Wayne": 47.9161295008142,
  "Nicoract": 12.091581123890636,
  "Harstem": 104.89404340982479,
  "Lambo": 52.7692342679919,
  "ART": -40.024382561054274,
  "Replicant": -19.474036265475362,
  "Tiger": -24.757154415450525,
  "Serral": 64.33716290267623,
  "ZhuGeLiang": 48.502305295206924,
  "FIGARO": -79.1647059193811,
  "RiSky": -79.1647059193811,
  "ShoWTimE": 87.42304339760605,
  "DefMars": 35.14234525160004,
  "Gref": -5.811567513525375,
  "Hardwell": -56.62698343862627,
  "ZaRDieNT": -23.12064716760954,
  "DIMAGA": 6.211932901897443,
  "Antarct": -60.32012133299888,
  "Tikky": -19.92661120630114,
  "threepoint": -19.92661120630114,
  "Krystianer": -31.543596564187883,
  "SickNess": -12.166743104032424,
  "OpTiMiStC": 3.6881638258221567,
  "Kelazhur": 9.410603352294833,
  "LordGG": -61.718193719821436,
  "Starfish": 8.597512399462966,
  "DnS": 1.1694828369131542,
  "arrogfire": 51.954416972438764,
  "NightPhoenix": 72.48356628455282,
  "Mixu": -103.23087847859776,
  "UltraMarine": -42.029146880539,
  "Fjant": -6.487859940050962,
  "Anticore": -98.73163247570226,
  "Azura": -98.73163247570226,
  "Calftowin": -45.835929903210506,
  "LookMaNoSens": -45.835929903210506,
  "Urono": -12.551340129746396,
  "MasterVasya": 27.350234430740336,
  "iosup": 14.726576774192425,
  "Rapuncel": -91.92382438610588,
  "RomanDeMolde": -91.92382438610588,
  "Erbest": -11.321216320551185,
  "Country": -106.86086590935808,
  "EruptioN": -40.34710245288534,
  "Jaeger": -28.29504110331114,
  "RACCOON": -28.29504110331114,
  "Kinpach": 26.95014656202109,
  "SHIN": 47.59926311169261,
  "ByuN": 70.33351325077587,
  "Zoun": 63.79273383683845,
  "Future": 24.070302726978348,
  "Scarlett": 24.070302726978348,
  "Spazymazy": 19.77144933472116,
  "MiniZergUA": 27.156497327577487,
  "Solar": 133.5404866327004,
  "Creed": 34.04243451971263,
  "Percival": 28.932215859758735,
  "acheron": 23.986063195519577,
  "Creator": 72.37480089574123
}