{
  "Clem+trigger": 97.64604519873588,
  "CaptainSam+Viper": -30.635662156213492,
  "Cham+SpeCial": 36.922673718777624,
  "Larry+Night": 51.32493316921822,
  "Jumy+YoungYakov": 53.04468372317737,
  "HeRoMaRinE+Statis": 76.02105728091715,
  "MaxPax+Spirit": 187.58696662348586,
  "Brat_OK+MindelVK": 22.135291738517804,
  "GgMaChine+Shameless": 64.42764374429873,
  "goblin+uThermal": 46.952882854338185,
  "Lemon+deer": -41.781605627723295,
  "MilkiCow+Wayne": 85.73919480062284,
  "Gerald+Nicoract": 51.71708364490311,
  "Elazer+SKillous": 111.65001636867491,
  "Harstem+Lambo": 98.04194262364491,
  "Replicant+Tiger": -18.95057344100662,
  "Serral+ZhuGeLiang": 45.15938911159661,
  "FIGARO+RiSky": -70.6299803618043,
  "Lambo+ShoWTimE": -4.599277782996957,
  "DefMars+Gref": 7.19588713573301,
  "ShoWTimE+Spirit": 127.42325066529399,
  "DefMars+ZaRDieNT": 18.836403746247846,
  "Tikky+threepoint": -24.590682311863368,
  "Elazer+ShoWTimE": 21.533675067608804,
  "Moja+OpTiMiStC": 16.179726457783502,
  "Kelazhur+Lambo": 20.99211103632344,
  "ART+LordGG": -62.790644363611584,
  "DIMAGA+Starfish": 4.854193002126545,
  "DnS+Kelazhur": 7.756413763931384,
  "Krystianer+arrogfire": 55.99683415217588,
  "NightPhoenix+Wayne": 63.068448680131795,
  "Elazer+goblin": 27.985137606566493,
  "Tiger+UltraMarine": -46.08931417646693,
  "Fjant+uThermal": -8.715030421047295,
  "Anticore+Azura": -107.6548056337504,
  "HeRoMaRinE+Moja": 22.694825221361377,
  "Calftowin+LookMaNoSens": -79.6170821191031,
  "Gerald+Krystianer": -22.47880487554381,
  "Jumy+ShoWTimE": -7.608122720320118,
  "MasterVasya+iosup": 11.345966786507564,
  "Rapuncel+RomanDeMolde": -97.80763580540247,
  "Erbest+SickNess": -14.93629004614217,
  "Country+ZaRDieNT": -113.03223225696577,
  "Lambo+Spirit": 26.85575174017774,
  "Antarct+EruptioN": -50.42207434954963,
  "Jaeger+RACCOON": -37.66163194511299,
  "ART+Kinpach": 21.480117036474248,
  "Elazer+Lambo": 21.119112723842907,
  "Spirit+goblin": 27.42120848675835,
  "Shameless+uThermal": -86.48220708851187,
  "ShoWTimE+trigger": 58.19332635335824,
  "Elazer+Serral": 13.14855201745209,
  "Rex+SHIN": 30.96763562362004,
  "Lambo+MaxPax": 119.05465488053238,
  "ByuN+Zoun": 69.51484998828401,
  "Future+Scarlett": 30.91527270380934
}