{
  "Clem+trigger": 77.04083787186939,
  "CaptainSam+Viper": -31.449573876614476,
  "Cham+SpeCial": 35.48770960098256,
  "Larry+Night": 48.29797580581922,
  "Jumy+YoungYakov": 50.29322622997561,
  "HeRoMaRinE+Statis": 73.19400882495562,
  "MaxPax+Spirit": 194.83381368210723,
  "Brat_OK+MindelVK": 16.309464843552625,
  "GgMaChine+Shameless": 67.30664909545928,
  "goblin+uThermal": 40.45341759306466,
  "Lemon+deer": -27.88099769622469,
  "MilkiCow+Wayne": 81.13174176637693,
  "Gerald+Nicoract": 22.87727066252908,
  "Elazer+SKillous": 121.00109066558933,
  "Harstem+Lambo": 95.87486942099562,
  "Replicant+Tiger": -20.980873903953572,
  "Serral+ZhuGeLiang": 62.48724031935187,
  "FIGARO+RiSky": -73.97240362300873,
  "Lambo+ShoWTimE": -2.5393741797225733,
  "DefMars+Gref": 6.0262056086767934,
  "ShoWTimE+Spirit": 128.843852843746,
  "DefMars+ZaRDieNT": -3.0388562981035854,
  "Tikky+threepoint": -24.64002583301666,
  "Elazer+ShoWTimE": 13.040947322638798,
  "SickNess+ZaRDieNT": -42.04740774581842,
  "Moja+OpTiMiStC": 10.09146040175559,
  "Kelazhur+Lambo": 19.71360062841443,
  "ART+LordGG": -63.11315062141261,
  "DIMAGA+Starfish": 1.5853859633002063,
  "DnS+Kelazhur": 6.986444945564045,
  "Krystianer+arrogfire": 54.856007418528264,
  "NightPhoenix+Wayne": 60.88194955590093,
  "Elazer+goblin": 27.22486930679466,
  "Tiger+UltraMarine": -48.92332069549329,
  "Fjant+uThermal": -9.903333645895877,
  "Anticore+Azura": -119.19675786054917,
  "HeRoMaRinE+Moja": 22.36396013387983,
  "Calftowin+LookMaNoSens": -80.74276325752736,
  "Gerald+Krystianer": -23.987472220921276,
  "Jumy+ShoWTimE": -8.818695474232543,
  "MasterVasya+iosup": 10.298055294687018,
  "Rapuncel+RomanDeMolde": -98.46716071452877,
  "Erbest+SickNess": -15.34327810402665,
  "Country+ZaRDieNT": -113.04051072228928,
  "Lambo+Spirit": 27.34176446948015,
  "Antarct+EruptioN": -45.42028050570495,
  "Jaeger+RACCOON": -36.20413935034449,
  "ART+Kinpach": 24.270966748911285,
  "Elazer+Lambo": 9.8635105929269,
  "Spirit+goblin": 26.97094283685657,
  "Shameless+uThermal": -80.04462313031229,
  "ShoWTimE+trigger": 70.74955353409635,
  "Elazer+Serral": 14.789284831819732,
  "Rex+SHIN": 30.526632624180444,
  "Lambo+MaxPax": 120.3734305543439,
  "ByuN+Zoun": 62.91527312079295,
  "Future+Scarlett": 30.05676421735121,
  "Spazymazy+Urono": 7.156105864181722,
  "MiniZergUA+SickNess": 2.352592282734327,
  "ByuN+Solar": 123.65144117635052,
  "Creed+YoungYakov": 22.27118769029741,
  "Ryung+SHIN": 38.42468887343357,
  "DefMars+MiniZergUA": 41.8507539251823,
  "Creed+MasterVasya": 25.032566263204536,
  "Percival+YoungYakov": 32.37981860080132,
  "Elazer+Harstem": 110.02468791103544,
  "Spazymazy+acheron": 10.72772804662147,
  "ByuN+Creator": 69.25184339537637
}