{
  "Clem": 87.57758842151605,
  "trigger": 89.82270364930609,
  "CaptainSam": -25.066371559851405,
  "Viper": -25.066371559851405,
  "Cham": 2.4903872850166735,
  "SpeCial": 46.0731016130264,
  "Larry": 57.82999373172559,
  "Night": 57.82999373172559,
  "Jumy": 37.41281495643874,
  "YoungYakov": 33.3107062866881,
  "Rex": -52.36934383431522,
  "Elazer": 88.87850820352566,
  "Gerald": 7.635870207085862,
  "HeRoMaRinE": 66.22876909419132,
  "Statis": 42.16789691352416,
  "MaxPax": 137.0821958684638,
  "Spirit": 139.50805918080172,
  "Brat_OK": -12.206585646658134,
  "MindelVK": -12.206585646658134,
  "Moja": 8.284170180017043,
  "SKillous": 87.18961413040076,
  "GgMaChine": 58.29709880477101,
  "Shameless": 52.59892021358909,
  "goblin": 32.105957105805395,
  "uThermal": 30.06322165573945,
  "Lemon": -42.71669291236057,
  "deer": -41.52787912146951,
  "Ryung": 44.02448086605149,
  "MilkiCow": 46.27995836361181,
  "Wayne": 53.15120651783973,
  "Nicoract": 29.888886610717474,
  "Harstem": 58.5046265336757,
  "Lambo": 11.01207425011912,
  "ART": -0.8079905839408603,
  "Replicant": -5.766639712001979,
  "Tiger": -3.0155139150248313,
  "Serral": 76.34778943731934,
  "ZhuGeLiang": 61.256673323750334,
  "FIGARO": -83.83819827867634,
  "RiSky": -83.83819827867634,
  "ShoWTimE": 67.94260238806211,
  "DefMars": 67.7468162158847,
  "Gref": -11.563886629984488,
  "Hardwell": -41.917339646215936,
  "ZaRDieNT": 32.908175241352495,
  "DIMAGA": 17.5692971935358,
  "Antarct": -43.75387444480286,
  "Tikky": -3.9771425240467977,
  "threepoint": -3.9771425240467977,
  "Krystianer": -22.99390194934341,
  "SickNess": 16.897944617048385,
  "OpTiMiStC": 21.91644775040655,
  "Kelazhur": 17.613237025456762,
  "Starfish": 22.498575230558124,
  "DnS": 8.336211599257766,
  "arrogfire": 34.69951635603017,
  "NightPhoenix": 66.27910432004076,
  "UltraMarine": -18.850988666915853,
  "Fjant": -9.883396062177832,
  "Anticore": -74.52023668986081,
  "Azura": -74.52023668986081,
  "Calftowin": -39.35512426313509,
  "LookMaNoSens": -39.35512426313509,
  "Urono": 3.3749099571509156,
  "EruptioN": -24.762094579766597,
  "Jaeger": -16.525718590866003,
  "RACCOON": -16.525718590866003,
  "Kinpach": 39.845483870990385,
  "Spazymazy": 19.344022862469174,
  "MiniZergUA": 97.75998481364505,
  "ByuN": 99.7091099148203,
  "Solar": 151.0192978362603,
  "Creed": 49.53120987416099,
  "SHIN": 70.79584354429883,
  "MasterVasya": 46.19549846888671,
  "Percival": 15.157470585057665
}