{
  "Clem+trigger": 137.66254440452565,
  "HeRoMaRinE+Statis": 106.72412264130755,
  "MaxPax+Spirit": 208.72123088132182,
  "goblin+uThermal": 50.4605942647876,
  "CaptainSam+Viper": -31.57564861895364,
  "Cham+SpeCial": 56.36554843381927,
  "Larry+Night": 65.77852898777435,
  "Jumy+YoungYakov": 63.936412296377895,
  "Has+Rex": -46.87969749157575,
  "Elazer+Gerald": -55.82755204917448,
  "Brat_OK+MindelVK": -11.24939382968967,
  "Moja+SKillous": -35.25564761694616,
  "GgMaChine+Shameless": 94.21832872279947,
  "Lemon+deer": -63.46366473653887,
  "GuMiho+Ryung": -43.42848508602063,
  "MilkiCow+Wayne": 80.66662090159338,
  "Elazer+SKillous": 119.71669633767809,
  "Serral+ZhuGeLiang": 63.729149791121564,
  "Gerald+Nicoract": 51.052336886935315,
  "Iba+boanaan": -33.18170037603528,
  "Harstem+Lambo": 70.66828062013613,
  "ART+UedSoldier": -41.48537253182922,
  "Replicant+Tiger": 12.858959230892182,
  "HeroMarine+Statis": -11.063646089620445,
  "MilkiCow+Vanya": -52.98275728687444,
  "FIGARO+RiSky": -76.29807206646342,
  "Lambo+ShoWTimE": -8.717268108873771,
  "DefMars+Gref": 22.26969746256168,
  "ShoWTimE+Spirit": 140.48467673397877,
  "Blademaster+Hardwell": -2.0109543864322506,
  "DarkSatas+HateCheese": -22.043317973624596,
  "DefMars+ZaRDieNT": 54.3208328303996,
  "DIMAGA+starfish": -10.758185005284831,
  "Antarct+Melu": -64.5911020993338,
  "Tikky+threepoint": -5.361037507830055,
  "Cham+RyeRye": -3.5730526540090826,
  "ShaDoWn+YoungYakov": -47.64762855374387,
  "Arrogfire+Krystianer": -44.38582277040494,
  "Elazer+ShoWTimE": 41.6743613966825,
  "SickNess+ZaRDieNT": -42.945392603918975,
  "Moja+OpTiMiStC": 46.13058879779944,
  "Kelazhur+Lambo": 26.748826696183283,
  "MaxGio+Ryoku": -43.8452617223442,
  "ErebusBlack+Goswser": -102.49093793130679,
  "Sivean+armonox": -29.919700645070634,
  "DIMAGA+Starfish": 22.27931607379874,
  "FightingFrog+HolyHit": -75.01951628294121,
  "DnS+Kelazhur": 9.647633852278176,
  "Aelith+Elimisu": -89.60186658319817,
  "Krystianer+arrogfire": 50.154791943971574,
  "Dolan+Hardwell": -41.59500563494238,
  "NightPhoenix+Wayne": 65.35679766188534,
  "Elazer+goblin": 33.8799339709683,
  "Loviuf+Purce": -60.266973268732364,
  "HiGhDrA+Mixu": -92.52280553214408,
  "Tiger+UltraMarine": -42.70540305167861,
  "Fjant+uThermal": -14.935200912264484,
  "Anticore+Azura": -129.38009056996572,
  "EchoSoldier+Lena": -9.267591956426813,
  "HeRoMaRinE+Moja": 35.89080134245869,
  "Gerald+Indy": -64.57607390252873,
  "ART+LordGG": -16.96034531998783,
  "KingSlayeR+Lemon": -11.78965394097442,
  "Calftowin+LookMaNoSens": -68.6422019518029,
  "Gerald+Krystianer": -48.49005013501177,
  "GuGus+Urono": -13.382397520787745,
  "Jumy+ShoWTimE": -18.779970878869516,
  "Darjeeling+Havertz": -19.21551295207357,
  "MilkiCow+YoungYakov": -93.03257505152828,
  "Aimliloke+Nokota": -26.490970097843597,
  "Moja+uThermal": -107.1529163540763,
  "Lambo+Spirit": 62.8020734332474,
  "SirGheorghe+Urono": -71.1150477436986,
  "Antarct+EruptioN": -63.26490463059107,
  "Jaeger+RACCOON": -18.55592705380702,
  "Krystianer+Ninja": -84.39485234377378,
  "ART+Kinpach": 43.74289906416149,
  "Bombilla+Dmega": -80.4451314408066,
  "Elazer+Lambo": -20.039338424122036,
  "Gref+Rate": -64.86063030514428,
  "Jumy+uThermal": 56.92532774525846,
  "SKillous+Wayne": -63.07467225474154,
  "MaxPax+Serral": 56.92532774525846,
  "GgMaChine+trigger": -63.07467225474154,
  "MilkiCow+uThermal": -63.07467225474154,
  "GgMaChine+MaxPax": 56.92532774525846,
  "SKillous+Serral": -63.07467225474154,
  "Jumy+trigger": 56.92532774525846,
  "SKillous+uThermal": -63.07467225474154,
  "Wayne+trigger": 56.92532774525846,
  "Jumy+Serral": 56.92532774525846,
  "GgMaChine+MilkiCow": -63.07467225474154,
  "YoungYakov+goblin": -63.07467225474154,
  "Elazer+Shameless": 56.92532774525846,
  "Nicoract+Spirit": -85.15543246671862,
  "ZhuGeLiang+goblin": -40.80500148382541,
  "Elazer+Nicoract": 56.91485028501643,
  "ShoWTimE+YoungYakov": -63.08514971498357,
  "Shameless+ShoWTimE": 84.37512265051069,
  "Nicoract+YoungYakov": 57.16282201119344,
  "Lambo+ZhuGeLiang": -62.83717798880656,
  "GgMaChine+uThermal": 57.16282201119344,
  "SKillous+trigger": -62.83717798880656,
  "Jumy+Wayne": -62.83717798880656,
  "MaxPax+MilkiCow": 57.16282201119344,
  "GgMaChine+Wayne": -62.83717798880656,
  "MilkiCow+SKillous": 57.16282201119344,
  "Serral+uThermal": 57.16282201119344,
  "Jumy+MaxPax": -62.83717798880656,
  "trigger+uThermal": 57.16282201119344,
  "MilkiCow+Serral": -62.83717798880656,
  "MaxPax+Wayne": 57.16282201119344,
  "GgMaChine+SKillous": -62.83717798880656,
  "Lambo+goblin": 85.16155951559746,
  "Shameless+YoungYakov": 57.380391078956535,
  "Spirit+ZhuGeLiang": -62.619608921043465,
  "Lambo+Shameless": 57.380391078956535,
  "Elazer+ZhuGeLiang": -62.619608921043465,
  "Nicoract+goblin": -62.619608921043465,
  "Spirit+YoungYakov": 57.380391078956535,
  "ShoWTimE+goblin": 57.380391078956535,
  "Nicoract+ZhuGeLiang": -62.619608921043465,
  "Shameless+Spirit": 86.33840137435286,
  "MaxPax+trigger": 87.22352236034288,
  "Jumy+SKillous": 57.660728428258444,
  "GgMaChine+Serral": -62.339271571741556,
  "Wayne+uThermal": -62.339271571741556,
  "Serral+trigger": 57.660728428258444,
  "MaxPax+SKillous": 57.660728428258444,
  "Jumy+MilkiCow": -62.339271571741556,
  "MaxPax+uThermal": 57.660728428258444,
  "Serral+Wayne": -62.339271571741556,
  "MilkiCow+trigger": -62.339271571741556,
  "GgMaChine+Jumy": 57.660728428258444,
  "Shameless+ZhuGeLiang": 87.18140949350989,
  "Elazer+YoungYakov": 57.90502963741913,
  "Lambo+Nicoract": -62.09497036258087,
  "Shameless+goblin": -62.09497036258087,
  "Nicoract+ShoWTimE": 57.90502963741913,
  "Elazer+Spirit": 57.90502963741913,
  "YoungYakov+ZhuGeLiang": -62.09497036258087,
  "Spirit+goblin": 57.90502963741913,
  "Nicoract+Shameless": -62.09497036258087,
  "Shameless+uThermal": -114.245834012106,
  "ShoWTimE+trigger": 58.98042270137018,
  "Elazer+Serral": 27.942820708681175,
  "GgMaChine+Lambo": -37.066712888450276
}