{
  "Clem": 87.28847645712153,
  "trigger": 102.23807570608591,
  "CaptainSam": -32.54023404313404,
  "Viper": -32.54023404313404,
  "Cham": 9.086680368074404,
  "SpeCial": 34.67511406201753,
  "Larry": 46.122544478424956,
  "Night": 46.122544478424956,
  "Jumy": 69.93033649106027,
  "YoungYakov": 52.17733347626712,
  "Rex": 4.895589499291496,
  "Elazer": 82.38927373642227,
  "Gerald": -1.2610045214323944,
  "HeRoMaRinE": 70.1271408644034,
  "Statis": 59.79163255884964,
  "MaxPax": 190.36526556617068,
  "Spirit": 158.91507355664493,
  "Brat_OK": 21.763962316834373,
  "MindelVK": 21.763962316834373,
  "Moja": -9.99314312301755,
  "SKillous": 80.21424269130264,
  "GgMaChine": 52.493738225922655,
  "Shameless": 56.795310447949035,
  "goblin": 67.94292284598008,
  "uThermal": 71.63719616047239,
  "Lemon": -50.123873067547876,
  "deer": -44.1415380886482,
  "Ryung": -79.87897844647046,
  "MilkiCow": 42.01582518165699,
  "Wayne": 45.28231561526551,
  "Nicoract": 24.591274824005957,
  "Harstem": 94.55261941343831,
  "Lambo": 100.67675620269806,
  "ART": -43.26129982922885,
  "Replicant": -22.665606366345834,
  "Tiger": -27.75568214996147,
  "Serral": 70.17642341213941,
  "ZhuGeLiang": 25.434220400870668,
  "FIGARO": -80.27789845184445,
  "RiSky": -80.27789845184445,
  "ShoWTimE": 101.07611377817221,
  "DefMars": 26.29988148554373,
  "Gref": -8.645517394491591,
  "Hardwell": -57.64095734799609,
  "ZaRDieNT": -34.98131560307622,
  "DIMAGA": 6.181089766173638,
  "Antarct": -64.93374721749339,
  "Tikky": -22.105509150443062,
  "threepoint": -22.105509150443062,
  "Krystianer": -35.10618548417088,
  "SickNess": -25.620537101834515,
  "OpTiMiStC": 2.4954285720727842,
  "Kelazhur": 8.448878509360727,
  "LordGG": -64.92309659053547,
  "Starfish": 11.285183097675553,
  "DnS": 0.520158108870838,
  "arrogfire": 51.412163455370674,
  "NightPhoenix": 70.55266478817137,
  "Mixu": -102.1271901648512,
  "UltraMarine": -43.27816102564478,
  "Fjant": -5.844600374269399,
  "Anticore": -79.8567038792644,
  "Azura": -79.8567038792644,
  "Calftowin": -51.2557474473084,
  "LookMaNoSens": -51.2557474473084,
  "Urono": -38.018362448559856,
  "MasterVasya": 14.154712302641364,
  "iosup": 14.154712302641364,
  "Rapuncel": -94.33758289710752,
  "RomanDeMolde": -94.33758289710752,
  "Erbest": -12.522526391091478,
  "Country": -109.0291555831773,
  "EruptioN": -45.319361612404165,
  "Jaeger": -32.91989682315349,
  "RACCOON": -32.91989682315349,
  "Kinpach": 24.541069100643497,
  "SHIN": 28.659073915871936,
  "ByuN": 25.358573031882038,
  "Zoun": 73.93441421317168,
  "Future": 29.80821366849922,
  "Scarlett": 29.80821366849922
}