{
  "Clem+trigger": 150.81987114767531,
  "CaptainSam+Viper": -32.05720886540574,
  "Cham+SpeCial": 56.77983296065206,
  "Larry+Night": 80.53150891285196,
  "Jumy+YoungYakov": 62.61530949407059,
  "Has+Rex": -57.83443824120484,
  "Elazer+Gerald": -34.79815553973151,
  "HeRoMaRinE+Statis": 82.39993346653856,
  "MaxPax+Spirit": 209.19483712818896,
  "Brat_OK+MindelVK": -18.270036078827395,
  "Moja+SKillous": -42.702700368747415,
  "GgMaChine+Shameless": 66.29438172590721,
  "goblin+uThermal": 36.72816180558441,
  "Lemon+deer": -52.14444061772865,
  "GuMiho+Ryung": -49.954475924580194,
  "MilkiCow+Wayne": 92.0026882070764,
  "Gerald+Nicoract": 69.36061275230782,
  "Elazer+SKillous": 129.48991801130063,
  "Iba+boanaan": -32.58451711606643,
  "Harstem+Lambo": 84.1531377883483,
  "ART+UedSoldier": -41.35932814341125,
  "Replicant+Tiger": -5.5995463379546635,
  "Serral+ZhuGeLiang": 50.748702430403405,
  "HeroMarine+Statis": -11.483811172379522,
  "MilkiCow+Vanya": -56.42796541122984,
  "FIGARO+RiSky": -82.97979413547297,
  "Lambo+ShoWTimE": -9.407603911735553,
  "DefMars+Gref": -0.11688699658813917,
  "ShoWTimE+Spirit": 135.44405275963769,
  "Blademaster+Hardwell": -32.335826636756295,
  "DarkSatas+HateCheese": -21.20505876036061,
  "DefMars+ZaRDieNT": 44.53767067067862,
  "DIMAGA+starfish": -3.7578690207808663,
  "Antarct+Melu": -33.82801632190828,
  "Tikky+threepoint": -21.496869880819936,
  "Cham+RyeRye": -2.13638430206107,
  "ShaDoWn+YoungYakov": -18.568039845207394,
  "Arrogfire+Krystianer": -64.67461900025377,
  "Elazer+ShoWTimE": 57.09232424882451,
  "SickNess+ZaRDieNT": -46.68532726277115,
  "Moja+OpTiMiStC": 34.3456192676949,
  "Kelazhur+Lambo": 42.486410416937844,
  "MaxGio+Ryoku": -12.55041715856527,
  "ErebusBlack+Goswser": -104.65930175812231,
  "Sivean+armonox": -61.41145067797593,
  "DIMAGA+Starfish": 31.88879181215011,
  "FightingFrog+HolyHit": -51.88114661815496,
  "DnS+Kelazhur": 15.863989541570316,
  "Aelith+Elimisu": -88.22021895996285,
  "Krystianer+arrogfire": 45.96280545833765,
  "Dolan+Hardwell": -40.08600062915103,
  "NightPhoenix+Wayne": 68.0720209825673,
  "Elazer+goblin": 23.194173677657478,
  "Loviuf+Purce": -52.69932521082607,
  "HiGhDrA+Mixu": -91.80869776357332,
  "Tiger+UltraMarine": -39.03521443877192,
  "Fjant+uThermal": -19.797497592499003,
  "Anticore+Azura": -130.5193059010408,
  "EchoSoldier+Lena": -11.2286159633288,
  "HeRoMaRinE+Moja": 41.99510623082336,
  "Gerald+Indy": -68.87682137122374,
  "ART+LordGG": -45.550683350932985,
  "KingSlayeR+Lemon": -10.173465853236253,
  "Calftowin+LookMaNoSens": -102.38912492151567,
  "Gerald+Krystianer": -36.51434868057817,
  "GuGus+Urono": -20.864966165946772,
  "Jumy+ShoWTimE": -11.988674819233712,
  "Darjeeling+Havertz": -10.319171915232028,
  "MilkiCow+YoungYakov": -105.09776858208323,
  "Aimliloke+Nokota": -31.217562163313758,
  "Moja+uThermal": -109.1153597693696,
  "Lambo+Spirit": 58.72215078486204,
  "SirGheorghe+Urono": -74.62472019303836,
  "Antarct+EruptioN": -44.533832633167755,
  "Jaeger+RACCOON": -16.837337947141716,
  "Krystianer+Ninja": -92.0309722928153,
  "ART+Kinpach": 29.62575899122797,
  "Bombilla+Dmega": -74.13777614444516,
  "Gref+Rate": -65.50767396930874,
  "Elazer+Lambo": 24.948383725250643,
  "Jumy+uThermal": 57.62272040430261,
  "SKillous+Wayne": -62.37727959569739,
  "MaxPax+Serral": 57.62272040430261,
  "GgMaChine+trigger": -62.37727959569739,
  "MilkiCow+uThermal": -62.37727959569739,
  "GgMaChine+MaxPax": 57.62272040430261,
  "SKillous+Serral": -62.37727959569739,
  "Jumy+trigger": 57.62272040430261,
  "SKillous+uThermal": -62.37727959569739,
  "Wayne+trigger": 57.62272040430261,
  "Jumy+Serral": 57.62272040430261,
  "GgMaChine+MilkiCow": -62.37727959569739,
  "YoungYakov+goblin": -62.37727959569739,
  "Elazer+Shameless": 57.62272040430261,
  "Nicoract+Spirit": -83.33679748222718,
  "ZhuGeLiang+goblin": -49.5539872052472,
  "Elazer+Nicoract": 57.61079962284297,
  "ShoWTimE+YoungYakov": -62.38920037715703,
  "Shameless+ShoWTimE": 81.89160347913325,
  "Nicoract+YoungYakov": 57.84575600135324,
  "Lambo+ZhuGeLiang": -62.15424399864676,
  "GgMaChine+uThermal": 57.84575600135324,
  "SKillous+trigger": -62.15424399864676,
  "Jumy+Wayne": -62.15424399864676,
  "MaxPax+MilkiCow": 57.84575600135324,
  "GgMaChine+Wayne": -62.15424399864676,
  "MilkiCow+SKillous": 57.84575600135324,
  "Serral+uThermal": 57.84575600135324,
  "Jumy+MaxPax": -62.15424399864676,
  "trigger+uThermal": 57.84575600135324,
  "MilkiCow+Serral": -62.15424399864676,
  "MaxPax+Wayne": 57.84575600135324,
  "GgMaChine+SKillous": -62.15424399864676,
  "Lambo+goblin": 87.18981104492052,
  "Shameless+YoungYakov": 58.05867882691635,
  "Spirit+ZhuGeLiang": -61.94132117308365,
  "Lambo+Shameless": 58.05867882691635,
  "Elazer+ZhuGeLiang": -61.94132117308365,
  "Nicoract+goblin": -61.94132117308365,
  "Spirit+YoungYakov": 58.05867882691635,
  "ShoWTimE+goblin": 58.05867882691635,
  "Nicoract+ZhuGeLiang": -61.94132117308365,
  "Shameless+Spirit": 86.590194556748,
  "MaxPax+trigger": 87.99330278148537,
  "Jumy+SKillous": 58.334844292049716,
  "GgMaChine+Serral": -61.665155707950284,
  "Wayne+uThermal": -61.665155707950284,
  "Serral+trigger": 58.334844292049716,
  "MaxPax+SKillous": 58.334844292049716,
  "Jumy+MilkiCow": -61.665155707950284,
  "MaxPax+uThermal": 58.334844292049716,
  "Serral+Wayne": -61.665155707950284,
  "MilkiCow+trigger": -61.665155707950284,
  "GgMaChine+Jumy": 58.334844292049716,
  "Shameless+ZhuGeLiang": 88.2199290197185,
  "Elazer+YoungYakov": 58.57769928706961,
  "Lambo+Nicoract": -61.42230071293039,
  "Shameless+goblin": -61.42230071293039,
  "Nicoract+ShoWTimE": 58.57769928706961,
  "Elazer+Spirit": 58.57769928706961,
  "YoungYakov+ZhuGeLiang": -61.42230071293039,
  "Spirit+goblin": 58.57769928706961,
  "Nicoract+Shameless": -61.42230071293039,
  "Shameless+uThermal": -113.61644942891972,
  "ShoWTimE+trigger": 77.68786279904495,
  "Elazer+Serral": 28.590689162209458,
  "GgMaChine+Lambo": -36.25039624761415
}