{
  "Clem": 122.0031706493828,
  "trigger": 127.00402778633233,
  "HeRoMaRinE": 66.42152434783173,
  "Statis": 15.783424040770754,
  "MaxPax": 175.80272971418964,
  "Spirit": 172.03929096285776,
  "goblin": 57.13466727266497,
  "uThermal": 50.905890153512686,
  "CaptainSam": -47.07537353071814,
  "Viper": -47.07537353071814,
  "Cham": 37.24313839923644,
  "SpeCial": 40.40894006478527,
  "Larry": 41.67232274687956,
  "Night": 41.67232274687956,
  "Jumy": 61.213304889219565,
  "YoungYakov": 49.45990374551948,
  "Has": -67.02086082399731,
  "Rex": -67.02086082399731,
  "Elazer": 84.79550032985024,
  "Gerald": -7.369208530154567,
  "Brat_OK": -5.09868654230086,
  "MindelVK": -5.09868654230086,
  "Moja": -2.3220314717276196,
  "SKillous": 84.16229925922812,
  "GgMaChine": 61.95038986059046,
  "Shameless": 56.54072015766119,
  "Lemon": -80.00147038814629,
  "deer": -80.22199288737451,
  "GuMiho": -63.07975023447119,
  "Ryung": -63.07975023447119,
  "MilkiCow": 32.80828683162266,
  "Wayne": 42.42514393265062,
  "Serral": 66.84636318837319,
  "ZhuGeLiang": 34.00030620752158,
  "Nicoract": 28.34940149922995,
  "Iba": -72.82000543213613,
  "boanaan": -72.82000543213613,
  "Harstem": 58.665581092876664,
  "Lambo": 23.57334511430349,
  "ART": -21.30215214849592,
  "UedSoldier": -66.96600324747183,
  "Replicant": -8.255126394124908,
  "Tiger": -17.583027560574063,
  "HeroMarine": -38.180451493593466,
  "Vanya": -67.92447160011352,
  "FIGARO": -106.0883591081215,
  "RiSky": -106.0883591081215,
  "ShoWTimE": 108.21297934067897,
  "DefMars": 53.81243268345791,
  "Gref": -2.6311231445933574,
  "Blademaster": -17.053361936158062,
  "Hardwell": -62.95828828718551,
  "DarkSatas": -55.955579327503756,
  "HateCheese": -55.955579327503756,
  "ZaRDieNT": 22.704655215079775,
  "DIMAGA": -6.557012669493574,
  "starfish": -32.30436608266493,
  "Antarct": -86.38937421296843,
  "Melu": -68.76876019077122,
  "Tikky": -1.283934281615707,
  "threepoint": -1.283934281615707,
  "RyeRye": -18.319997998497207,
  "ShaDoWn": -42.49808528397264,
  "Arrogfire": -59.26237049794403,
  "Krystianer": -52.3731373699773,
  "SickNess": -23.14350219892951,
  "OpTiMiStC": 13.424373883724463,
  "Kelazhur": 10.853433115482243,
  "MaxGio": -59.681630818423514,
  "Ryoku": -59.681630818423514,
  "ErebusBlack": -117.16580233994407,
  "Goswser": -117.16580233994407,
  "Sivean": -66.8453871168588,
  "armonox": -66.8453871168588,
  "Starfish": 7.657160886154056,
  "FightingFrog": -85.62485319016548,
  "HolyHit": -85.62485319016548,
  "DnS": -3.148753048629711,
  "Aelith": -107.03502844007116,
  "Elimisu": -107.03502844007116,
  "arrogfire": 32.542490726764925,
  "Dolan": -63.666669543059804,
  "NightPhoenix": 62.96490635009095,
  "Loviuf": -27.918648796794198,
  "Purce": -27.918648796794198,
  "HiGhDrA": -107.50510089307201,
  "Mixu": -107.50510089307201,
  "UltraMarine": -35.33335724423155,
  "Fjant": -2.451857850052626,
  "Anticore": -82.5678451159913,
  "Azura": -82.5678451159913,
  "EchoSoldier": -20.738977481988123,
  "Lena": -20.738977481988123,
  "Indy": -69.1244705121122,
  "LordGG": -36.460360636819175,
  "KingSlayeR": -26.53899238725578,
  "Calftowin": -59.61142008220434,
  "LookMaNoSens": -59.61142008220434,
  "GuGus": -18.63915704149496,
  "Urono": -39.9989151315954,
  "Darjeeling": -21.482881234360313,
  "Havertz": -21.482881234360313,
  "Aimliloke": -23.977802402385812,
  "Nokota": -23.977802402385812,
  "SirGheorghe": -35.945293752557454,
  "EruptioN": -54.259982103856174,
  "Jaeger": -29.451513837149612,
  "RACCOON": -29.451513837149612,
  "Ninja": -103.21484932743599,
  "Kinpach": 18.5770881823554,
  "Bombilla": -69.37850577158656,
  "Dmega": -69.37850577158656,
  "Rate": -53.71664009599965
}