{
  "Aimliloke+Blarty": 1.0300229386347528,
  "GuGus+Urono": -15.389442998647388,
  "Pie+RotterdaM": -1.2575322230574972,
  "FeydRautha+MuadDib": -10.340104604742988,
  "lomzaenjoyer+marmolada": -3.387476129812244,
  "KratosLeZerg+tMac": 5.587528535707536,
  "Bumbz+Molten": -4.930281443561757,
  "Fluffy+Peekaboo": -7.798389990629497,
  "Lulu+Wingent": -4.41221644127369,
  "Clem+trigger": 55.44395087671988,
  "HiGhDrA+Mixu": -48.44061873647215,
  "CaptainSam+Viper": -7.50625718146717,
  "Cham+SpeCial": 27.732173839075834,
  "Larry+Night": 26.865293947014337,
  "Jumy+YoungYakov": 11.311425087978861,
  "Has+Rex": -10.518973070062884,
  "Replicant+Tiger": -57.89632138923908,
  "Elazer+Gerald": 4.277372684434612,
  "HeRoMaRinE+Statis": 37.25195147578566,
  "MaxPax+Spirit": 118.2702080345594,
  "Brat_OK+MindelVK": -15.257290255820873,
  "Moja+SKillous": -2.1941251786340743,
  "GgMaChine+Shameless": 22.151919358547545,
  "goblin+uThermal": 29.155114953685853,
  "Lemon+deer": -20.795166765207227,
  "Dolan+Hardwell": -52.273262747177014,
  "GuMiho+Ryung": -2.0251840054854053,
  "MilkiCow+Vanya": -13.06223526311876,
  "Anticore+Azura": -79.22037034075439,
  "MilkiCow+Wayne": 48.88059655340341,
  "Gerald+Nicoract": 16.659045875560736,
  "Elazer+SKillous": 63.19051141663051,
  "Harstem+Lambo": 32.4540607394419,
  "Serral+ZhuGeLiang": 27.865880697540568,
  "FIGARO+RiSky": -60.023141720552445,
  "Lambo+ShoWTimE": -6.227889890250303,
  "DefMars+Gref": -12.356384094653212,
  "ShoWTimE+Spirit": 95.06912276641918,
  "Blademaster+Hardwell": -48.73747145365772,
  "DefMars+ZaRDieNT": 6.049240669411217,
  "DIMAGA+Starfish": -48.14584843131311,
  "Tikky+threepoint": 6.27227251883712,
  "Cham+RyeRye": 10.86162758776041,
  "ShaDoWn+YoungYakov": -1.8872956358908972,
  "Arrogfire+Krystianer": -0.6574883952044601,
  "SickNess+ZaRDieNT": -10.507686701689153,
  "Moja+OpTiMiStC": -20.560628827253186,
  "Kelazhur+Lambo": 18.118202060768688,
  "Elazer+ShoWTimE": 4.110171896960473,
  "ART+LordGG": -44.916547463091206,
  "MaxGio+Ryoku": -5.054515041915142,
  "ErebusBlack+Goswser": -54.47883916727589,
  "DnS+Kelazhur": -6.1471032186851176,
  "ART+Kinpach": -17.195646345647134,
  "NightPhoenix+Wayne": 31.084178102307366,
  "Loviuf+Purce": -7.341735414629655,
  "CalfToWin+LookMaNoSens": -62.80643734078829,
  "Elazer+goblin": 7.24574458576581,
  "Tiger+UltraMarine": -34.71351002557641,
  "Fjant+uThermal": -9.242006404953205,
  "HeRoMaRinE+Moja": -9.785438539711377,
  "Gerald+Krystianer": -21.559724853391554,
  "Jumy+ShoWTimE": -6.4503450530396576,
  "MasterVasya+iosup": -32.94159453247667,
  "Rapuncel+RomanDeMolde": -66.18803033568858,
  "Erbest+SickNess": -34.03493784812622,
  "Country+ZaRDieNT": -58.83166726502954,
  "Lambo+Spirit": 5.866036860280456,
  "Antarct+EruptioN": -43.697025352700315,
  "Jaeger+RACCOON": -31.424230811966655,
  "Elazer+Lambo": 22.10392942615372,
  "Spirit+goblin": 6.3924161349640505,
  "Shameless+uThermal": -42.27036822335553,
  "ShoWTimE+trigger": 36.25580217395204,
  "Elazer+Serral": -4.8352688513370605,
  "Rex+SHIN": 1.3616726447382934,
  "Lambo+MaxPax": 83.9951990122555,
  "ByuN+Zoun": 26.450783447917587,
  "Future+Scarlett": 0.1495382768696354
}