{
  "Aimliloke": -24.11546688886275,
  "Blarty": -0.18046904757533255,
  "Urono": -48.02929664651002,
  "GuGus": -16.281442502865374,
  "Pie": -1.3138150253301877,
  "RotterdaM": -1.3138150253301877,
  "FeydRautha": -12.140804339181102,
  "MuadDib": -12.140804339181102,
  "marmolada": -6.082797554226353,
  "lomzaenjoyer": -6.082797554226353,
  "KratosLeZerg": 5.579736788983622,
  "tMac": 5.579736788983622,
  "Molten": -9.168595745389643,
  "Bumbz": -9.168595745389643,
  "Peekaboo": -6.71649506083549,
  "Fluffy": -6.71649506083549,
  "Loviuf": -38.46796585201522,
  "Wingent": -7.645325411358703,
  "Lulu": -7.645325411358703,
  "Aza": -45.07860666497744,
  "trigger": 68.14165242352666,
  "Clem": 57.378379542815374,
  "HiGhDrA": -57.54683886665273,
  "Mixu": -66.18195349318825,
  "Viper": -24.487696919206066,
  "CaptainSam": -8.78210376110267,
  "Cham": 25.420932420383075,
  "SpeCial": 27.89858771160767,
  "Night": 30.561427490739792,
  "Larry": 30.561427490739792,
  "Jumy": 26.50454211021534,
  "YoungYakov": 9.275775446692148,
  "Rex": -6.6841872991901345,
  "Has": -10.807991579047533,
  "Replicant": -62.208339301191636,
  "Tiger": -70.20757104262749,
  "Elazer": 40.9168148400656,
  "Gerald": -14.854884185481552,
  "HeRoMaRinE": 28.9791719712101,
  "Statis": 36.92823569767848,
  "ART": -58.739718486137264,
  "Spirit": 110.01449062536861,
  "MaxPax": 139.90461096784864,
  "Brat_OK": -17.59691870209982,
  "MindelVK": -17.59691870209982,
  "Fjant": -34.60807571645306,
  "SKillous": 39.9065610377875,
  "Moja": -42.6934947851761,
  "GgMaChine": 15.603145511748293,
  "Shameless": 16.697099997504942,
  "uThermal": 34.55288805681248,
  "goblin": 28.44392725499267,
  "Lemon": -35.30391619311577,
  "deer": -20.435076771413385,
  "Hardwell": -69.5006951370906,
  "Dolan": -62.91009288571661,
  "GuMiho": -6.418225739824541,
  "Ryung": -23.56067752772878,
  "MilkiCow": 5.845737448070846,
  "Vanya": -15.27527583295778,
  "Azura": -82.57149903340928,
  "Anticore": -82.57149903340928,
  "Wayne": 7.367706600140764,
  "Nicoract": -0.7752969241554659,
  "Harstem": 42.67628991979848,
  "Lambo": 52.62512970885105,
  "Serral": 39.54122430893747,
  "ZhuGeLiang": 1.3659836161912322,
  "FIGARO": -65.01908014353192,
  "RiSky": -65.01908014353192,
  "ShoWTimE": 61.25848705746459,
  "DefMars": 8.540870657870594,
  "Gref": -10.874699603147905,
  "Blademaster": -43.14920496617446,
  "ZaRDieNT": -14.338093625463177,
  "DIMAGA": -39.388929670371766,
  "Starfish": -39.388929670371766,
  "Antarct": -56.000814802221576,
  "Tikky": -7.813611828407417,
  "threepoint": -7.813611828407417,
  "RyeRye": 6.769132917499485,
  "ShaDoWn": -9.273868510467546,
  "Krystianer": -42.60715539339604,
  "Arrogfire": -5.951071156785819,
  "SickNess": -30.79363145929413,
  "OpTiMiStC": -33.3181999197028,
  "Kelazhur": 0.3196495753077979,
  "LordGG": -40.42420125097767,
  "MaxGio": -10.103931599130199,
  "Ryoku": -10.103931599130199,
  "ErebusBlack": -57.10883642676133,
  "Goswser": -57.10883642676133,
  "DnS": -10.605125860054477,
  "Kinpach": -12.273762109644693,
  "NightPhoenix": 43.98179808837166,
  "Purce": -11.527907740946644,
  "Calftowin": -61.18722679885576,
  "LookMaNoSens": -61.18722679885576,
  "UltraMarine": -46.43709727810307,
  "MasterVasya": -32.39302413787678,
  "iosup": -32.39302413787678,
  "Rapuncel": -68.37719749667335,
  "RomanDeMolde": -68.37719749667335,
  "Erbest": -31.181552657843454,
  "Country": -60.69128085212908,
  "EruptioN": -41.315464710294634,
  "Jaeger": -38.943355800562806,
  "RACCOON": -38.943355800562806,
  "SHIN": 5.306291268469762,
  "ByuN": 17.774440258147557,
  "Zoun": 38.314440488482035,
  "Future": 5.898615631108854,
  "Scarlett": 5.898615631108854
}